{
    "forwardcam_sparse000": {
        "parameters": {
            "resx": 960,
            "resy": 540,
            "focal": 1158.821285615648,
            "aperture": 41.4214
        },
        "extrinsic_matrix": [
            [
                0.5000000000000001,
                0.0,
                0.8660254037844386,
                0.0
            ],
            [
                0.0,
                1.0,
                0.0,
                0.0
            ],
            [
                -0.8660254037844386,
                0.0,
                0.5000000000000001,
                0.0
            ],
            [
                -2.598076211353316,
                0.0,
                1.5000000000000004,
                1.0
            ]
        ]
    },
    "forwardcam_sparse001": {
        "parameters": {
            "resx": 960,
            "resy": 540,
            "focal": 1158.821285615648,
            "aperture": 41.4214
        },
        "extrinsic_matrix": [
            [
                1.0,
                0.0,
                0.0,
                0.0
            ],
            [
                0.0,
                1.0,
                0.0,
                0.0
            ],
            [
                0.0,
                0.0,
                1.0,
                0.0
            ],
            [
                0.0,
                0.0,
                3.0,
                1.0
            ]
        ]
    }
}