{
    "forwardcam_sparse000": {
        "parameters": {
            "resx": 960,
            "resy": 540,
            "focal": 1158.821285615648,
            "aperture": 41.4214
        },
        "extrinsic_matrix": [
            [
                0.5000000000000001,
                0.0,
                0.8660254037844386,
                0.0
            ],
            [
                0.0,
                1.0,
                0.0,
                0.0
            ],
            [
                -0.8660254037844386,
                0.0,
                0.5000000000000001,
                0.0
            ],
            [
                -2.598076211353316,
                0.0,
                1.5000000000000004,
                1.0
            ]
        ]
    },
    "forwardcam_sparse001": {
        "parameters": {
            "resx": 960,
            "resy": 540,
            "focal": 1158.821285615648,
            "aperture": 41.4214
        },
        "extrinsic_matrix": [
            [
                1.0,
                0.0,
                0.0,
                0.0
            ],
            [
                0.0,
                1.0,
                0.0,
                0.0
            ],
            [
                0.0,
                0.0,
                1.0,
                0.0
            ],
            [
                0.0,
                0.0,
                3.0,
                1.0
            ]
        ]
    },
    "forwardcam_sparse002": {
        "parameters": {
            "resx": 960,
            "resy": 540,
            "focal": 1158.821285615648,
            "aperture": 41.4214
        },
        "extrinsic_matrix": [
            [
                0.5000000000000001,
                0.0,
                -0.8660254037844386,
                0.0
            ],
            [
                0.0,
                1.0,
                0.0,
                0.0
            ],
            [
                0.8660254037844386,
                0.0,
                0.5000000000000001,
                0.0
            ],
            [
                2.598076211353316,
                0.0,
                1.5000000000000004,
                1.0
            ]
        ]
    },
    "forwardcam_sparse003": {
        "parameters": {
            "resx": 960,
            "resy": 540,
            "focal": 1158.821285615648,
            "aperture": 41.4214
        },
        "extrinsic_matrix": [
            [
                0.5000000000000001,
                0.0,
                0.8660254037844386,
                0.0
            ],
            [
                0.43301270189221924,
                0.8660254037844387,
                -0.25,
                0.0
            ],
            [
                -0.75,
                0.49999999999999994,
                0.43301270189221946,
                0.0
            ],
            [
                -2.25,
                1.4999999999999998,
                1.2990381056766582,
                1.0
            ]
        ]
    },
    "forwardcam_sparse004": {
        "parameters": {
            "resx": 960,
            "resy": 540,
            "focal": 1158.821285615648,
            "aperture": 41.4214
        },
        "extrinsic_matrix": [
            [
                1.0,
                0.0,
                0.0,
                0.0
            ],
            [
                0.0,
                0.8660254037844387,
                -0.49999999999999994,
                0.0
            ],
            [
                0.0,
                0.49999999999999994,
                0.8660254037844387,
                0.0
            ],
            [
                0.0,
                1.4999999999999998,
                2.598076211353316,
                1.0
            ]
        ]
    },
    "forwardcam_sparse005": {
        "parameters": {
            "resx": 960,
            "resy": 540,
            "focal": 1158.821285615648,
            "aperture": 41.4214
        },
        "extrinsic_matrix": [
            [
                0.5000000000000001,
                0.0,
                -0.8660254037844386,
                0.0
            ],
            [
                -0.43301270189221924,
                0.8660254037844387,
                -0.25,
                0.0
            ],
            [
                0.75,
                0.49999999999999994,
                0.43301270189221946,
                0.0
            ],
            [
                2.25,
                1.4999999999999998,
                1.2990381056766582,
                1.0
            ]
        ]
    }
}